forecast(MEaI Transformer),Real value
2948.1475,2945.27002
2966.2405,2968.330078
2969.9534,2973.25
2972.2913,2991.719971
2974.6567,3001.800049
2977.8394,3029.570068
2974.2178,3010.22998
2981.8618,3001.659912
2983.4014,2987.949951
2980.3228,2989.389893
2983.0032,3006.409912
2984.788,3017.72998
2983.2295,2963.0
2980.17,2975.030029
2980.4133,2984.47998
2984.026,2998.169922
2983.6768,3012.429932
2985.3474,2999.550049
2982.899,3020.23999
2988.7039,2993.290039
