forecast(MEaI Transformer),Real value
2945.3057,2945.27002
2963.1846,2968.330078
2975.3955,2973.25
2975.523,2991.719971
2986.4072,3001.800049
2985.7095,3029.570068
2985.7222,3010.22998
2989.027,3001.659912
2992.6304,2987.949951
2993.5818,2989.389893
2993.1035,3006.409912
2996.3389,3017.72998
2999.619,2963.0
2996.8845,2975.030029
2999.005,2984.47998
3003.0713,2998.169922
2999.805,3012.429932
3000.4749,2999.550049
3002.8252,3020.23999
3005.002,2993.290039
